Category,Name,Description,Goal,Type,ID
SESSIONS,FIRST CONTACT,Start your first session,1,Standard,first-contact
SESSIONS,REGULAR,Play 25 sessions,25,Standard,regular
SESSIONS,VETERAN,Play 100 sessions,100,Standard,veteran
SESSIONS,LIFER,Play 500 sessions,500,Standard,lifer
SESSIONS,MARATHON,Last 250 drops in one Classic session,250,Standard,marathon
SESSIONS,RAGE QUIT,Restart 10 sessions in one sitting,1,Hidden,rage-quit
BITS DECRYPTED,HANDSHAKE,Decrypt 100 bits,100,Standard,handshake
BITS DECRYPTED,KILOBIT,"Decrypt 1,000 bits","1,000",Standard,kilobit
BITS DECRYPTED,KILOBYTE,"Decrypt 8,000 bits","8,000",Standard,kilobyte
BITS DECRYPTED,MEGABIT,"Decrypt 1,000,000 bits","1,000,000",Standard,megabit
BITS DECRYPTED,MEGABYTE,"Decrypt 8,000,000 bits","8,000,000",Standard,megabyte
BITS DECRYPTED,106473,"Decrypt 106,473 bits","106,473",Standard,106473
BITS DECRYPTED,FULL RANGE,Decrypt 100 of every number from [1] to [7],100,Standard,full-range
BITS DECRYPTED,LUCKY SEVENS,"Decrypt 1,000 [7]s","1,000",Standard,lucky-sevens
BITS DECRYPTED,JACKPOT,Decrypt seven [7]s with one drop,1,Hidden,jackpot
BITS DECRYPTED,GIGABIT,"Decrypt 1,000,000,000 bits","1,000,000,000",Impossible,gigabit
NIBBLES,JUST A CRUMB,Decrypt your first nibble,1,Standard,just-a-crumb
NIBBLES,A FULL BYTE,Decrypt 2 nibbles (8 bits: one byte),2,Standard,a-full-byte
NIBBLES,64-BIT ARCHITECTURE,Decrypt 16 nibbles (64 bits),16,Standard,64-bit-architecture
NIBBLES,SNACK ATTACK,Decrypt 100 nibbles,100,Standard,snack-attack
NIBBLES,NIBBLING,"Decrypt 250 nibbles (1,000 bits: a kilobit)",250,Standard,nibbling
NIBBLES,KILONIBBLE,"Decrypt 1,000 nibbles","1,000",Standard,kilonibble
NIBBLES,KIBINIBBLE,"Decrypt 1,024 nibbles","1,024",Standard,kibinibble
NIBBLES,KIBIBYTE,"Decrypt 2,048 nibbles (1,024 bytes)","2,048",Standard,kibibyte
NIBBLES,DIAL-UP SPEEDS,"Decrypt 16,384 nibbles (65,536 bits)","16,384",Standard,dial-up-speeds
NIBBLES,THE 16-BIT ERA,"Decrypt 65,536 nibbles (2^16)","65,536",Standard,16-bit-era
NIBBLES,64K MEMORY LIMIT,"Decrypt 131,072 nibbles (65,536 bytes: 64 KiB)","131,072",Standard,64k-memory-limit
NIBBLES,MEGANIBBLE,"Decrypt 1,000,000 nibbles","1,000,000",Standard,meganibble
NIBBLES,MEBINIBBLE,"Decrypt 1,048,576 nibbles (1,024 x 1,024)","1,048,576",Standard,mebinibble
NIBBLES,MEBIBYTE,"Decrypt 2,097,152 nibbles (1,048,576 bytes: 1 MiB)","2,097,152",Standard,mebibyte
NIBBLES,32-BIT OVERFLOW,"Decrypt 1,073,741,824 nibbles (2^32 bits)","1,073,741,824",Impossible,32-bit-overflow
CHAINS AND SKILL,CHAIN REACTION,Get a 4x chain,4,Standard,chain-reaction
CHAINS AND SKILL,CASCADE,Get a 6x chain,6,Standard,cascade
CHAINS AND SKILL,OVERCLOCKED,Get an 8x chain,8,Standard,overclocked
CHAINS AND SKILL,SUPERNOVA,Get a 10x chain,10,Standard,supernova
CHAINS AND SKILL,HEAP SPRAY,Decrypt 15 bits with one drop,15,Standard,heap-spray
CHAINS AND SKILL,SURGICAL,20 drops in a row that each decrypt a bit (exploit drops skip),20,Standard,surgical
CHAINS AND SKILL,ZERO-DAY,Decrypt a bit with the first drop of a session,1,Standard,zero-day
CHAINS AND SKILL,CLEAN SWEEP,Clear the whole board after 10+ drops,1,Standard,clean-sweep
CHAINS AND SKILL,CLOSE CALL,Decrypt your way back under the line,1,Standard,close-call
CHAINS AND SKILL,SECOND WIND,Get two CLOSE CALLs in one session,2,Standard,second-wind
CHAINS AND SKILL,FULL STACK,"Fill a column to the line, then bring it back down to half height",1,Standard,full-stack
CHAINS AND SKILL,FULL HOUSE,Survive a drop with every column one block from the line or higher,1,Hidden,full-house
SCORE,ROOT ACCESS,"Score 1,000 in one session","1,000",Standard,root-access
SCORE,SUPERUSER,"Score 5,000 in one session","5,000",Standard,superuser
SCORE,KERNEL MODE,"Score 10,000 in one session","10,000",Standard,kernel-mode
SCORE,HYPERVISOR,"Score 20,000 in one session","20,000",Standard,hypervisor
SCORE,NO TOOLS,"Score 2,000 in one session without running an exploit","2,000",Standard,no-tools
SCORE,SNAKE EYES,Lose a session with 0 points,1,Hidden,snake-eyes
SCORE,1337,"Finish a session on exactly 1,337 points",1,Hidden,1337
SCORE,NOT FOUND,Finish a session on exactly 404 points,1,Hidden,not-found
SCORE,DEEP THOUGHT,Finish a session with exactly 42 bits decrypted,1,Hidden,deep-thought
SCORE,PALINDROME,Finish a session on a score that reads the same backwards (4+ digits),1,Hidden,palindrome
SCORE,GIGABYTE,"Earn 8,000,000,000 points in total","8,000,000,000",Impossible,gigabyte
SCORE,TERABYTE,"Earn 8,000,000,000,000 points in total","8,000,000,000,000",Impossible,terabyte
HARD MODE AND BYTES,HARDENED,Unlock Hard mode,1,Standard,hardened
HARD MODE AND BYTES,GHOST,Last 100 drops in one Hard session,100,Standard,ghost
HARD MODE AND BYTES,HARD TARGET,"Score 5,000 on Hard","5,000",Standard,hard-target
HARD MODE AND BYTES,FIRST BYTE,Decrypt a BYTE on Hard,1,Standard,first-byte
HARD MODE AND BYTES,DOUBLE BYTE,Decrypt 2 bytes with one drop,2,Standard,double-byte
HARD MODE AND BYTES,TRIPLE BYTE,Decrypt 3 bytes with one drop,3,Standard,triple-byte
HARD MODE AND BYTES,BYTE STREAM,Decrypt 10 bytes,10,Standard,byte-stream
HARD MODE AND BYTES,BYTE ARRAY,Decrypt 100 bytes,100,Standard,byte-array
ENCRYPTION LAYERS,LAYER PEELER,Peel 100 encryption layers,100,Standard,layer-peeler
ENCRYPTION LAYERS,ONION ROUTER,"Peel 1,000 encryption layers","1,000",Standard,onion-router
ENCRYPTION LAYERS,ONION CORE,"Peel 10,000 encryption layers","10,000",Standard,onion-core
ENCRYPTION LAYERS,DEMOLITION,Break 500 encryption layers all the way open,500,Standard,demolition
ENCRYPTION LAYERS,FIREWALL BREACH,Break 3 encryption layers open with one drop,3,Standard,firewall-breach
EXPLOITS,SCRIPT KIDDIE,Run your first exploit,1,Standard,script-kiddie
EXPLOITS,BLACK HAT,Run 50 exploits,50,Standard,black-hat
EXPLOITS,ADVANCED PERSISTENT THREAT,Run 500 exploits,500,Standard,advanced-persistent-threat
EXPLOITS,FULL TOOLKIT,Run every exploit at least once,13,Standard,full-toolkit
EXPLOITS,CHAINED EXPLOITS,Run 3 exploits in one session,3,Standard,chained-exploits
EXPLOITS,ARSENAL,Fill all 6 exploit slots,6,Standard,arsenal
EXPLOITS,TIME BOMB,Wipe 5 blocks with one Logic Bomb blast,5,Standard,time-bomb
EXPLOITS,STING,Spring a Honeypot,1,Standard,sting
EXPLOITS,WIRETAP,Use all 3 Packet Sniffer bits without losing the session,1,Standard,wiretap
EXPLOITS,LATERAL MOVEMENT,Start a chain with a PIVOT,1,Standard,lateral-movement
EXPLOITS,OVERKILL,Run an exploit on an empty board,1,Hidden,overkill
EXPLOITS,DOUBLE TROUBLE,Have a Logic Bomb and a Honeypot armed at the same time,1,Hidden,double-trouble
BLITZ AND ZEN,SPEED RUN,"Score 1,000 in one Blitz","1,000",Standard,speed-run
BLITZ AND ZEN,BLITZKRIEG,"Score 3,000 in one Blitz","3,000",Standard,blitzkrieg
BLITZ AND ZEN,LIGHTSPEED,"Score 5,000 in one Blitz","5,000",Standard,lightspeed
BLITZ AND ZEN,ZEN MASTER,Last 300 drops in one Zen session,300,Standard,zen-master
BLITZ AND ZEN,LAST SECOND,Decrypt a bit in Blitz with under a second left,1,Hidden,last-second
DAILY,DAILY DRIVER,Play a Daily game 7 days in a row,7,Standard,daily-driver
DAILY,DAILY GRIND,Play the Daily on 30 different days,30,Standard,daily-grind
DAILY,STREAK,Play a Daily game 30 days in a row,30,Standard,streak
DAILY,CENTURY,Play a Daily game 100 days in a row,100,Standard,century
DAILY,DAILY SWEEP,Play all four daily games on the same day,1,Standard,daily-sweep
DAILY,PERFECT DAILY,Finish a Daily Decrypt with the board empty,1,Standard,perfect-daily
DAILY,BREACHED,Clear the whole board in BREACH,1,Standard,breached
DAILY,ONE SHOT,Solve a daily puzzle on the first try,1,Standard,one-shot
DAILY,SUNDAY BEST,Solve a Sunday daily puzzle (the week's hardest),1,Standard,sunday-best
DAILY,STUBBORN,Try the same daily puzzle 10 times,1,Hidden,stubborn
DAILY,SO CLOSE,End a BREACH with one layer left,1,Hidden,so-close
PUZZLES,FIRST TRY,Solve a puzzle on your first attempt,1,Standard,first-try
PUZZLES,LOCKSMITH,Solve 10 puzzles,10,Standard,locksmith
PUZZLES,SAFECRACKER,Solve 30 puzzles,30,Standard,safecracker
PUZZLES,MASTER KEY,Solve every puzzle,60,Standard,master-key
PUZZLES,PICKPOCKET,Solve 5 puzzles in a row without failing one,5,Standard,pickpocket
LEVELS AND DECRYPTOR RANKS,LV 40,Reach level 40,40,Standard,lv-40
LEVELS AND DECRYPTOR RANKS,MAXED OUT,Fill Lv 80 as DECRYPTOR 9,1,Standard,maxed-out
LEVELS AND DECRYPTOR RANKS,ROLLOVER,Rank up to DECRYPTOR 1,1,Standard,rollover
LEVELS AND DECRYPTOR RANKS,TRIPLE CROWN,Reach DECRYPTOR 3,3,Standard,triple-crown
LEVELS AND DECRYPTOR RANKS,FULL SPECTRUM,Unlock every theme,9,Standard,full-spectrum
"THEMES, FONTS AND MUSIC",COLLECTOR,Unlock all 16 music tracks,16,Standard,collector
"THEMES, FONTS AND MUSIC",CHAMELEON,Play a full session (10+ drops) in every theme,10,Standard,chameleon
"THEMES, FONTS AND MUSIC",TECH SUPPORT,Play a full session (10+ drops) in the SHARE TECH MONO font,1,Standard,tech-support
"THEMES, FONTS AND MUSIC",INSERT COIN,Play a full session (10+ drops) in the PRESS START font,1,Standard,insert-coin
"THEMES, FONTS AND MUSIC",BIT BY BIT,Play a full session (10+ drops) in the BITCOUNT font,1,Standard,bit-by-bit
"THEMES, FONTS AND MUSIC",BITE-SIZED,Play a full session (10+ drops) in the BYTESIZED font,1,Standard,bite-sized
"THEMES, FONTS AND MUSIC",IN ORBIT,Play a full session (10+ drops) in the ORBITRON font,1,Standard,in-orbit
"THEMES, FONTS AND MUSIC",DJ,Listen to all 16 tracks,16,Standard,dj
"THEMES, FONTS AND MUSIC",AUDIOPHILE,Play a full session (10+ drops) on all 16 tracks,16,Standard,audiophile
"THEMES, FONTS AND MUSIC",THEME PARK,Change the theme 10 times in one sitting,1,Hidden,theme-park
"THEMES, FONTS AND MUSIC",CHANNEL SURFER,Pick a track 10 times in one sitting,1,Hidden,channel-surfer
"THEMES, FONTS AND MUSIC",SILENT RUNNING,Play a full session (10+ drops) with the sound and music off,1,Hidden,silent-running
DATES AND TIMES,INSOMNIAC,Play between 2 and 4 AM,1,Standard,insomniac
DATES AND TIMES,BIRTHDAY,"Play on September 23, ByteFall's birthday",1,Hidden,birthday
DATES AND TIMES,FRIDAY THE 13TH,Play on a Friday the 13th,1,Hidden,friday-13th
DATES AND TIMES,PI DAY,Play on March 14,1,Hidden,pi-day
VS CPU,FIRST BLOOD,Win your first VS match,1,Standard,first-blood
VS CPU,SPARRING PARTNER,Play 10 VS matches,10,Standard,sparring-partner
VS CPU,GLADIATOR,Win 25 VS matches,25,Standard,gladiator
VS CPU,WARLORD,Win 100 VS matches,100,Standard,warlord
VS CPU,EASY TARGET,Beat the EASY CPU,1,Standard,easy-target
VS CPU,FAIR FIGHT,Beat the NORMAL CPU,1,Standard,fair-fight
VS CPU,HARD RESET,Beat the HARD CPU,1,Standard,hard-reset
VS CPU,INSANITY CHECK,Beat the INSANE CPU,1,Standard,insanity-check
VS CPU,COUNTERSTRIKE,Cancel 10 incoming blocks with one attack,10,Standard,counterstrike
VS CPU,DDOS,Send 50 encrypted blocks at the CPU in one match,50,Standard,ddos
VS CPU,FLAWLESS,Win a VS match without a single block landing on your board,1,Standard,flawless
VS CPU,TILTED,Lose 5 VS matches in a row,1,Hidden,tilted
VS CPU,AFK,Leave a VS match paused for 5 minutes,1,Hidden,afk
VS BOTS,DEBUGGED,Beat BOT,1,Standard,debugged
VS BOTS,OUTHUSTLED,Beat GRIFTER,1,Standard,outhustled
VS BOTS,BUNKER BUSTER,Beat BUNKER,1,Standard,bunker-buster
VS BOTS,PATCHED,Beat GLITCH,1,Standard,patched
VS BOTS,ROGUES' GALLERY,Beat every bot,4,Standard,rogues-gallery
VS BOTS,KILL -9,Beat every bot on INSANE,4,Standard,kill-9
VS MODES AND SETTINGS,STACK OVERFLOW,Win a CLASSIC VS match,1,Standard,stack-overflow
VS MODES AND SETTINGS,WAR OF ATTRITION,Win an ATTRITION VS match,1,Standard,war-of-attrition
VS MODES AND SETTINGS,FRAG LIMIT,Win a DEATHMATCH VS match,1,Standard,frag-limit
VS MODES AND SETTINGS,ROPE-A-DOPE,Win a TUG OF WAR VS match,1,Standard,rope-a-dope
VS MODES AND SETTINGS,MULTI-BOOT,Win a VS match in every game mode,4,Standard,multi-boot
VS MODES AND SETTINGS,LONG HAUL,"Win an ATTRITION or DEATHMATCH to 10,000",1,Standard,long-haul
VS MODES AND SETTINGS,HEAVYWEIGHT,"Win a TUG OF WAR starting at 5,000",1,Standard,heavyweight
VS MODES AND SETTINGS,BANKRUPT,Win an ATTRITION match with the CPU on 0 points,1,Standard,bankrupt
VS MODES AND SETTINGS,KNOCKOUT,"Win an ATTRITION, DEATHMATCH or TUG OF WAR match by overflowing the CPU",1,Standard,knockout
VS MODES AND SETTINGS,BARE METAL,Win a VS match with ENCRYPTED LAYERS off,1,Standard,bare-metal
VS MODES AND SETTINGS,ARMS RACE,Win a VS match with EXPLOITS on,1,Standard,arms-race
VS MODES AND SETTINGS,ZERO MERCY,Beat the INSANE CPU with layers and exploits on,1,Standard,zero-mercy
SECRETS,KONAMI,Enter the Konami code,1,Hidden,konami
